"Classification Level","Data Class","Data Class Description","Data Element","Data Element Description","Applicable Standards","Submitter Name","Submitter Organization","Submission Date"
"USCDI V3.1","Allergies and Intolerances","Harmful or undesired physiological responses associated with exposure to a substance.","Substance (Medication)","Pharmacologic agent believed to cause a harmful or undesired physiologic response following exposure.","RxNorm® Full Monthly Release, July 5, 2022",,,
"USCDI V3.1","Allergies and Intolerances","Harmful or undesired physiological responses associated with exposure to a substance.","Substance (Drug Class)","Pharmacologic category for an agent believed to cause a harmful or undesired physiologic response following exposure.","SNOMED International, Systematized Nomenclature of Medicine Clinical Terms (SNOMED CT®) U.S. Edition, March 2022 Release",,,
"USCDI V3.1","Allergies and Intolerances","Harmful or undesired physiological responses associated with exposure to a substance.",Reaction,"Harmful or undesired physiologic response following exposure to a pharmacologic agent or class of agents.","SNOMED International, Systematized Nomenclature of Medicine Clinical Terms (SNOMED CT®) U.S. Edition, March 2022 Release",,,
"USCDI V3.1","Assessment and Plan of Treatment","Health professional’s conclusions and working assumptions that will guide treatment of the patient.","SDOH Assessment","Screening questionnaire-based, structured evaluation (e.g., PRAPARE, Hunger Vital Sign, AHC-HRSN screening tool) for a Social Determinants of Health related risk. (e.g., food insecurity, housing instability, or transportation insecurity)","Logical Observation Identifiers Names and Codes (LOINC®) version 2.72Optional:SNOMED International, Systematized Nomenclature of Medicine Clinical Terms (SNOMED CT®) U.S. Edition, March 2022 Release","Mark Savage for Gravity Project","Gravity Project","11/04/2020 - 17:30"
"USCDI V3.1","Care Team Members","Information about a person who participates or is expected to participate in the care of a patient.","Care Team Member Identifier","Sequence of characters used to uniquely refer to a member of the care team. (e.g., National Provider Identifier (NPI), National Council of State Boards of Nursing Identifier (NCSBN ID))",,"Al Taylor",ONC,"10/10/2020 - 02:26"
"USCDI V3.1","Care Team Members","Information about a person who participates or is expected to participate in the care of a patient.","Care Team Member Role","Responsibility of an individual within the care team. (e.g., primary care physician, caregiver)",,"Al Taylor",ONC,"10/10/2020 - 02:26"
"USCDI V3.1","Care Team Members","Information about a person who participates or is expected to participate in the care of a patient.","Care Team Member Location","Place where care is delivered by a care team member. (e.g., clinic address, location description)",,"Al Taylor",ONC,"10/10/2020 - 02:26"
"USCDI V3.1","Care Team Members","Information about a person who participates or is expected to participate in the care of a patient.","Care Team Member Telecom","Phone or email contact information for a care team member","ITU-T E.123, Series E: Overall Network Operation, Telephone Service, Service Operation and Human Factors, International operation - General provisions concerning users: Notation for national and international telephone numbers, email addresses and web addresses (incorporated by reference in § 170.299)ITU-T E.164, Series E: Overall Network Operation, Telephone Service, Service Operation and Human Factors, International operation - Numbering plan of the international telephone service: The international public telecommunication numbering plan","Keith W. Boone","Audacious Inquiry","10/14/2020 - 17:12"
"USCDI V3.1",Laboratory,"Analysis of clinical specimens to obtain information about the health of a patient.",Tests,"Analysis of specimens derived from humans which provide information for the diagnosis, prevention, treatment of disease, or assessment of health.","Logical Observation Identifiers Names and Codes (LOINC®) version 2.72",,,
"USCDI V3.1",Laboratory,"Analysis of clinical specimens to obtain information about the health of a patient.",Values/Results,"Documented findings of a tested specimen including structured and unstructured components.","Both standards are required:SNOMED International, Systematized Nomenclature of Medicine Clinical Terms (SNOMED CT®) U.S. Edition, March 2022 ReleaseThe Unified Code of Units for Measure, Revision 2.1",,,
"USCDI V3.1",Laboratory,"Analysis of clinical specimens to obtain information about the health of a patient.","Specimen Type","Substance being sampled or tested. (e.g., nasopharyngeal swab, whole blood, serum, urine, wound swab).","SNOMED International, Systematized Nomenclature of Medicine Clinical Terms (SNOMED CT®) U.S. Edition, March 2022 Release","Nedra Garrett","Centers for Disease Control and Prevention","10/23/2020 - 12:57"
"USCDI V3.1",Laboratory,"Analysis of clinical specimens to obtain information about the health of a patient.","Result Status","State or condition of a laboratory test.",,"Maria Michaels",CDC,"10/20/2020 - 19:20"
"USCDI V3.1",Immunizations,"Record of vaccine administration.",Immunizations,"Vaccine product administered, planned, or reported.","Both standards are requiredIIS: Current HL7 Standard Code Set, CVX – Vaccines Administered, updates through June 15, 2022Vaccine National Drug Code (NDC) Directory – Vaccine NDC Linker Table, updates through June 16, 2022",,,
"USCDI V3.1",Medications,"Pharmacologic agents used in the diagnosis, cure, mitigation, treatment, or prevention of disease.",Medications,"Pharmacologic agent used in the diagnosis, cure, mitigation, treatment, or prevention of disease.","RxNorm® Full Monthly Release, July 5, 2022Optional:National Drug Code (NDC), July 19, 2022",,,
"USCDI V3.1",Medications,"Pharmacologic agents used in the diagnosis, cure, mitigation, treatment, or prevention of disease.",Dose,"Amount of a medication for each administration.",,"Joel Andress",CMS,"10/05/2020 - 10:02"
"USCDI V3.1",Medications,"Pharmacologic agents used in the diagnosis, cure, mitigation, treatment, or prevention of disease.",Indication,"Sign, symptom, or medical condition that leads to the recommendation of a treatment, test, or procedure.",,"Maria Michaels",CDC,"10/20/2020 - 21:31"
"USCDI V3.1",Medications,"Pharmacologic agents used in the diagnosis, cure, mitigation, treatment, or prevention of disease.","Fill Status","State of a medication with regards to dispensing or other activity. (e.g., dispensed, partially dispensed, not dispensed)",,"Robert C Dieterle","Submitted on behalf of the Da Vinci Project","10/24/2020 - 01:58"
"USCDI V3.1","Patient Demographics/Information","Data used to categorize individuals for identification, records matching, and other purposes.","First Name",,,,,
"USCDI V3.1","Patient Demographics/Information","Data used to categorize individuals for identification, records matching, and other purposes.","Last Name",,,,,
"USCDI V3.1","Patient Demographics/Information","Data used to categorize individuals for identification, records matching, and other purposes.","Middle Name (Including middle initial)",,,,,
"USCDI V3.1","Patient Demographics/Information","Data used to categorize individuals for identification, records matching, and other purposes.","Name Suffix","Name component following family name that may be used to describe a person's position in a family.",,,,
"USCDI V3.1","Patient Demographics/Information","Data used to categorize individuals for identification, records matching, and other purposes.","Previous Name",,,,,
"USCDI V3.1","Patient Demographics/Information","Data used to categorize individuals for identification, records matching, and other purposes.","Date of Birth","Known or estimated year, month, and day of the patient's birth.",,,,
"USCDI V3.1","Patient Demographics/Information","Data used to categorize individuals for identification, records matching, and other purposes.","Date of Death","Known or estimated year, month, and day of the patient's death.",,"Jeff Lyall",Cigna,"10/08/2020 - 20:01"
"USCDI V3.1","Patient Demographics/Information","Data used to categorize individuals for identification, records matching, and other purposes.",Race,,"Both standards are required:The Office of Management and Budget Standards for Maintaining, Collecting, and Presenting Federal Data on Race and Ethnicity, Statistical Policy Directive No. 15, as revised, October 30, 1997CDC Race and Ethnicity Code Set Version 1.2 (July 2021)",,,
"USCDI V3.1","Patient Demographics/Information","Data used to categorize individuals for identification, records matching, and other purposes.",Ethnicity,,"Both standards are required:The Office of Management and Budget Standards for Maintaining, Collecting, and Presenting Federal Data on Race and Ethnicity, Statistical Policy Directive No. 15, as revised, October 30, 1997CDC Race and Ethnicity Code Set Version 1.2 (July 2021)",,,
"USCDI V3.1","Patient Demographics/Information","Data used to categorize individuals for identification, records matching, and other purposes.","Tribal Affiliation","Tribe or band with which an individual associates.",,"Laura Conn",,"09/30/2021 - 20:21"
"USCDI V3.1","Patient Demographics/Information","Data used to categorize individuals for identification, records matching, and other purposes.",Sex,"Documentation of a specific instance of sex.","Both values must be supported:SNOMED CT U.S. Edition: 248152002 (Female)SNOMED CT U.S. Edition: 248153007 (Male)",,,
"USCDI V3.1","Patient Demographics/Information","Data used to categorize individuals for identification, records matching, and other purposes.","Preferred Language",,"IETF (Internet Engineering Task Force) Request for Comment (RFC) 5646, “Tags for Identifying Languages”, September 2009Adopted at 45 CFR 170.207(g)(2)",,,
"USCDI V3.1","Clinical Notes","Narrative patient data relevant to the context identified by note types. Usage note: Clinical Notes data elements are content exchange standard agnostic. They should not be interpreted or associated with the structured document templates that may share the same name. ","Consultation Note","Response to request from a clinician for an opinion, advice, or service from another clinician.","Logical Observation Identifiers Names and Codes (LOINC®) version 2.72At minimum: Consult Note (LOINC® code 11488-4)",,,
"USCDI V3.1","Clinical Notes","Narrative patient data relevant to the context identified by note types. Usage note: Clinical Notes data elements are content exchange standard agnostic. They should not be interpreted or associated with the structured document templates that may share the same name. ","Discharge Summary Note","Synopsis of a patient’s admission and course in a hospital or post-acute care setting. Must contain admission and discharge dates and locations, discharge instructions, and reason(s) for hospitalization.","Logical Observation Identifiers Names and Codes (LOINC®) version 2.72At minimum: Discharge Summary (LOINC® code 18842-5)",,,
"USCDI V3.1","Clinical Notes","Narrative patient data relevant to the context identified by note types. Usage note: Clinical Notes data elements are content exchange standard agnostic. They should not be interpreted or associated with the structured document templates that may share the same name. ","History & Physical","Summary of current and past conditions and observations used to inform an episode of care. (e.g. admission, surgery, or other procedure)","Logical Observation Identifiers Names and Codes (LOINC®) version 2.72At minimum: History and Physical Note (LOINC® code 34117-2)",,,
"USCDI V3.1","Clinical Notes","Narrative patient data relevant to the context identified by note types. Usage note: Clinical Notes data elements are content exchange standard agnostic. They should not be interpreted or associated with the structured document templates that may share the same name. ","Procedure Note","Synopsis of non-operative procedures.&nbsp; (e.g., interventional cardiology, gastrointestinal endoscopy, osteopathic manipulation)","Logical Observation Identifiers Names and Codes (LOINC®) version 2.72At minimum: Procedure Note (LOINC® code 28570-0)",,,
"USCDI V3.1","Clinical Notes","Narrative patient data relevant to the context identified by note types. Usage note: Clinical Notes data elements are content exchange standard agnostic. They should not be interpreted or associated with the structured document templates that may share the same name. ","Progress Note","Summary of a patient’s interval status during an encounter (e.g., hospitalization, outpatient visit, treatment with a post-acute care provider, or other healthcare encounter)","Logical Observation Identifiers Names and Codes (LOINC®) version 2.72At minimum: Progress Note (LOINC® code 11506-3)",,,
"USCDI V3.1","Clinical Tests","Non-imaging and non-laboratory tests performed that result in structured or unstructured findings specific to the patient to facilitate the diagnosis and management of conditions.","Clinical Test Result/Report","Findings of clinical tests.",,"Melissa Ayres",SSA,"09/30/2022 - 20:25"
"USCDI V3.1","Diagnostic Imaging","Tests that result in visual images requiring interpretation by a credentialed professional.","Diagnostic Imaging Test","Tests that generate visual images (e.g., radiographic, photographic, video) and require interpretation by qualified professionals.","Logical Observation Identifiers Names and Codes (LOINC®) version 2.72","Swapna Abhyankar","Regenstrief Institute, LOINC Document Ontology Subcommittee","10/23/2020 - 16:12"
"USCDI V3.1","Diagnostic Imaging","Tests that result in visual images requiring interpretation by a credentialed professional.","Diagnostic Imaging Report","Interpreted results of imaging tests. Includes structured and unstructured components.",,"Swapna Abhyankar","Regenstrief Institute, LOINC Document Ontology Subcommittee","10/23/2020 - 16:12"
"USCDI V3.1","Encounter Information","Information related to interactions between healthcare providers and patients.","Encounter Type","Category of health care service. (e.g., office visit, telephone assessment, home visit)",,"Joel Andress","Centers for Medicare and Medicaid Services (CMS) Center for Clinical Standards and Quality (CCSQ)","10/02/2020 - 08:35"
"USCDI V3.1","Encounter Information","Information related to interactions between healthcare providers and patients.","Encounter Diagnosis","Coded diagnoses associated with an episode of care.&nbsp;","SNOMED International, Systematized Nomenclature of Medicine Clinical Terms (SNOMED CT®) U.S. Edition, March 2022 ReleaseInternational Classification of Diseases ICD-10-CM 2022","Joel Andress","Centers for Medicare and Medicaid Services (CMS) Center for Clinical Standards and Quality (CCSQ)","10/02/2020 - 08:35"
"USCDI V3.1","Encounter Information","Information related to interactions between healthcare providers and patients.","Encounter Time","Date/times related to an encounter. (e.g., scheduled appointment time, check in time, start and stop times)",,"Joel Andress","Centers for Medicare and Medicaid Services (CMS) Center for Clinical Standards and Quality (CCSQ)","10/02/2020 - 08:35"
"USCDI V3.1","Encounter Information","Information related to interactions between healthcare providers and patients.","Encounter Location","Place where a patient’s care is delivered.",,"Joel Andress","Centers for Medicare and Medicaid Services (CMS) Center for Clinical Standards and Quality (CCSQ)","10/02/2020 - 08:35"
"USCDI V3.1","Encounter Information","Information related to interactions between healthcare providers and patients.","Encounter Disposition","Place or setting to which the patient left a hospital or encounter.",,"Joel Andress","Centers for Medicare and Medicaid Services (CMS) Center for Clinical Standards and Quality (CCSQ)","10/02/2020 - 08:35"
"USCDI V3.1",Goals,"Desired state to be achieved by a patient.","Patient Goals","Desired outcomes of patient's care.",,,,
"USCDI V3.1",Goals,"Desired state to be achieved by a patient.","SDOH Goals","Desired future states (e.g., food security) for an identified Social Determinants of Health-related health concern, condition, or diagnosis. (e.g., food insecurity)","SNOMED International, Systematized Nomenclature of Medicine Clinical Terms (SNOMED CT®) U.S. Edition, March 2022 ReleaseLogical Observation Identifiers Names and Codes (LOINC®) version 2.72","Mark Savage for Gravity Project","Gravity Project","11/04/2020 - 17:30"
"USCDI V3.1","Health Insurance Information","Data related to an individual’s insurance coverage for healthcare.","Coverage Status","Presence or absence of health care insurance.",,"Mark Roberts","Leavitt Partners","09/30/2021 - 22:24"
"USCDI V3.1","Health Insurance Information","Data related to an individual’s insurance coverage for healthcare.","Coverage Type","Category of health care payers. (e.g., Medicare, TRICARE, Commercial Managed Care - PPO)",,"Joel Andress","Centers for Medicare and Medicaid Services (CMS) Center for Clinical Standards and Quality (CCSQ)","10/06/2020 - 11:46"
"USCDI V3.1","Health Insurance Information","Data related to an individual’s insurance coverage for healthcare.","Relationship to Subscriber","Relationship of a patient to the primary insured person.",,"Mark Roberts","Leavitt Partners","09/30/2021 - 22:24"
"USCDI V3.1","Health Insurance Information","Data related to an individual’s insurance coverage for healthcare.","Member Identifier","Sequence of characters used to uniquely refer to an individual with respect to their insurance.",,"Robert C Dieterle","On behalf of the Da Vinci Project","10/24/2020 - 01:51"
"USCDI V3.1","Health Insurance Information","Data related to an individual’s insurance coverage for healthcare.","Subscriber Identifier","Sequence of characters used to uniquely refer to the individual that selects insurance benefits.",,"Robert C Dieterle","On behalf of the Da Vinci Project","10/24/2020 - 01:51"
"USCDI V3.1","Health Insurance Information","Data related to an individual’s insurance coverage for healthcare.","Group Identifier","Sequence of characters used to uniquely refer to a specific health insurance plan.",,"Robert C Dieterle","On behalf of the Da Vinci Project","10/24/2020 - 01:51"
"USCDI V3.1","Health Insurance Information","Data related to an individual’s insurance coverage for healthcare.","Payer Identifier","Sequence of characters used to uniquely refer to an insurance payer.",,"Robert C Dieterle","On behalf of the Da Vinci Project","10/24/2020 - 01:51"
"USCDI V3.1","Health Status Assessments","Assessments of a health-related matter of interest, importance, or worry to a patient, patient’s authorized representative, or patient’s healthcare provider that could identify a need, problem, or condition.","Health Concerns","Health-related issue or worry. (e.g., weight gain, cancer risk)",,,,
"USCDI V3.1","Health Status Assessments","Assessments of a health-related matter of interest, importance, or worry to a patient, patient’s authorized representative, or patient’s healthcare provider that could identify a need, problem, or condition.","Functional Status","Assessment of a patient’s capabilities, or their risks of development or worsening of a condition or problem. (e.g., fall risk, pressure ulcer risk, alcohol use)","Logical Observation Identifiers Names and Codes (LOINC®) version 2.72","Holly Miller, MD",MedAllies,"09/21/2021 - 14:40"
"USCDI V3.1","Health Status Assessments","Assessments of a health-related matter of interest, importance, or worry to a patient, patient’s authorized representative, or patient’s healthcare provider that could identify a need, problem, or condition.","Disability Status","Assessments of a patient’s physical, cognitive, intellectual, or psychiatric disabilities. (e.g., vision, hearing, memory, activities of daily living)","Logical Observation Identifiers Names and Codes (LOINC®) version 2.72","Grace Cordovano","Enlightening Results","07/13/2021 - 17:40"
"USCDI V3.1","Health Status Assessments","Assessments of a health-related matter of interest, importance, or worry to a patient, patient’s authorized representative, or patient’s healthcare provider that could identify a need, problem, or condition.","Disability Status","Assessments of a patient’s physical, cognitive, intellectual, or psychiatric disabilities. (e.g., vision, hearing, memory, activities of daily living)","Logical Observation Identifiers Names and Codes (LOINC®) version 2.72","James Patterson","PACIO Project","04/13/2026 - 22:30"
"USCDI V3.1","Health Status Assessments","Assessments of a health-related matter of interest, importance, or worry to a patient, patient’s authorized representative, or patient’s healthcare provider that could identify a need, problem, or condition.","Mental/Cognitive Status","Assessment of a patient's level of cognitive functioning. (e.g., alertness, orientation, comprehension, concentration, and immediate memory for simple commands)","Logical Observation Identifiers Names and Codes (LOINC®) version 2.72","Michelle Dougherty","Submitted on behalf of the CMS Data Element Library (DEL) Health IT Workgroup","10/23/2020 - 16:50"
"USCDI V3.1","Health Status Assessments","Assessments of a health-related matter of interest, importance, or worry to a patient, patient’s authorized representative, or patient’s healthcare provider that could identify a need, problem, or condition.","Pregnancy Status","State or condition of being pregnant or intent to become pregnant. (e.g., pregnant, not pregnant, intent to become pregnant, unknown)",,"Adam Bazer, MPD","Integrating the Healthcare Enterprise USA (IHE USA)","10/23/2020 - 20:53"
"USCDI V3.1","Health Status Assessments","Assessments of a health-related matter of interest, importance, or worry to a patient, patient’s authorized representative, or patient’s healthcare provider that could identify a need, problem, or condition.","Smoking Status","Assessment of a patient's smoking behaviors.","SNOMED International, Systematized Nomenclature of Medicine Clinical Terms (SNOMED CT®) U.S. Edition, March 2022 Release",,,
"USCDI V3.1","Patient Demographics/Information","Data used to categorize individuals for identification, records matching, and other purposes.","Occupation Industry","Type of business that compensates for work or assigns work to an unpaid worker or volunteer. (e.g., U.S. Army, cement manufacturing, children and youth services)","Occupational Data for Health, version 20201030","Nedra Garrett",CDC,"09/30/2021 - 18:18"
"USCDI V3.1","Patient Demographics/Information","Data used to categorize individuals for identification, records matching, and other purposes.",Occupation,"Type of work of a person. (e.g., infantry, business analyst, social worker)","Occupational Data for Health, version 20201030","Nedra Garrett",CDC,"09/30/2021 - 18:18"
"USCDI V3.1","Patient Demographics/Information","Data used to categorize individuals for identification, records matching, and other purposes.","Related Person's Relationship","Relationship of a person to a patient. (e.g., parent, next-of-kin, guardian, custodian)",,,,
"USCDI V3.1","Patient Demographics/Information","Data used to categorize individuals for identification, records matching, and other purposes.","Related Person's Name","Name of a person with a legal or familial relationship to a patient.",,"Nedra Garrett","Centers for Disease Control and Prevention","10/22/2020 - 20:49"
"USCDI V3.1","Patient Demographics/Information","Data used to categorize individuals for identification, records matching, and other purposes.","Email Address","Unique identifier of an individual's email account that is used to send and receive email messages.",,,,
"USCDI V3.1","Patient Demographics/Information","Data used to categorize individuals for identification, records matching, and other purposes.","Phone Number Type","Contact point when using a phone (e.g., home, work, mobile).",,,,
"USCDI V3.1","Patient Demographics/Information","Data used to categorize individuals for identification, records matching, and other purposes.","Phone Number","Numbers and symbols to contact an individual when using a phone.","Both standards are required:ITU-T E.123, Series E: Overall Network Operation, Telephone Service, Service Operation and Human Factors, International operation - General provisions concerning users: Notation for national and international telephone numbers, email addresses and web addresses, February 2001ITU-T E.164, Series E: Overall Network Operation, Telephone Service, Service Operation and Human Factors, International operation - Numbering plan of the international telephone service, The international public telecommunication numbering plan, November 2010Adopted at 45 CFR 170.207(q)(1)",,,
"USCDI V3.1","Patient Demographics/Information","Data used to categorize individuals for identification, records matching, and other purposes.","Previous Address","Prior place where a person may have been located or could have been contacted.","Project US@ Technical Specification for Patient Addresses, Final Version 1.0",,,
"USCDI V3.1",Problems,"Condition, diagnosis, or reason for seeking medical attention.",Problems,"Condition, diagnosis, or reason for seeking medical attention.&nbsp;&nbsp;","SNOMED International, Systematized Nomenclature of Medicine Clinical Terms (SNOMED CT®) U.S. Edition, March 2022 ReleaseInternational Classification of Diseases ICD-10-CM 2022",,,
"USCDI V3.1",Problems,"Condition, diagnosis, or reason for seeking medical attention.","Date of Diagnosis","Date of first determination by a qualified professional of the presence of a problem or condition affecting a patient.",,"Steven Lane","Sutter Health","09/11/2020 - 05:08"
"USCDI V3.1",Problems,"Condition, diagnosis, or reason for seeking medical attention.","Date of Resolution","Date of subsiding or termination of a symptom, problem, or condition.",,"Steven Lane","Sutter Health","09/14/2020 - 04:24"
"USCDI V3.1",Procedures,"Activity performed for or on a patient as part of the provision of care.",Procedures,,"SNOMED International, Systematized Nomenclature of Medicine Clinical Terms (SNOMED CT®) U.S. Edition, March 2022 ReleaseCurrent Procedural Terminology (CPT®) 2022, as maintained and distributed by the American Medical Association, for physician services and other health care services, and Healthcare Common Procedure Coding System (HCPCS) July 2022, as maintained and distributed by HHS.For technology developed to record dental procedures: Code on Dental Procedures and Nomenclature (CDT) 2022, maintained and distributed by the American Dental Association, for dental services.Optional:2022 International Classification of Diseases ICD-10-PCS",,,
"USCDI V3.1",Procedures,"Activity performed for or on a patient as part of the provision of care.","SDOH Interventions","Actions or services to address an identified Social Determinants of Health-related health concern, condition, or diagnosis (e.g., education about food pantry program, referral to non-emergency medical transportation program)","SNOMED International, Systematized Nomenclature of Medicine Clinical Terms (SNOMED CT®) U.S. Edition, March 2022 ReleaseCurrent Procedural Terminology (CPT®) 2022, as maintained and distributed by the American Medical Association, for physician services and other health care servicesHealthcare Common Procedure Coding System (HCPCS) Level II, as maintained and distributed by HHS","Mark Savage for Gravity Project","Gravity Project","11/04/2020 - 17:30"
"USCDI V3.1",Procedures,"Activity performed for or on a patient as part of the provision of care.","Reason for Referral","Explanation or justification for a referral or consultation.",,"Adam Bazer, MPD","Integrating the Healthcare Enterprise USA (IHE USA)","10/23/2020 - 21:31"
"USCDI V3.1",Provenance,"The metadata, or extra information about data, regarding who created the data and when it was created.","Author Time Stamp","Date and time of author action.",,,,
"USCDI V3.1",Provenance,"The metadata, or extra information about data, regarding who created the data and when it was created.","Author Organization","Organization associated with author.",,,,
"USCDI V3.1","Unique Device Identifier(s) for a Patient's Implantable Device(s)","Unique identifier(s) for a patient's implantable device(s).","Unique Device Identifier(s) for a patient's implantable device(s)","Unique numeric or alphanumeric codes that consists of a device identifier and a production identifier.","FDA Unique Device Identification System (UDI System)","Marti Velezis","FDA/CDRH/Indira Konduri (FDA/CDRH/OPEQ/ORP/DRPIII)","09/17/2024 - 21:27"
"USCDI V3.1","Vital Signs","Physiologic measurements of a patient that indicate the status of the body’s life sustaining functions.","Systolic Blood Pressure",,"Both standards are requiredLogical Observation Identifiers Names and Codes (LOINC®) version 2.72The Unified Code of Units for Measure, Revision 2.1",,,
"USCDI V3.1","Vital Signs","Physiologic measurements of a patient that indicate the status of the body’s life sustaining functions.","Diastolic Blood Pressure",,"Both standards are requiredLogical Observation Identifiers Names and Codes (LOINC®) version 2.72The Unified Code of Units for Measure, Revision 2.1",,,
"USCDI V3.1","Vital Signs","Physiologic measurements of a patient that indicate the status of the body’s life sustaining functions.","Heart Rate",,"Both standards are requiredLogical Observation Identifiers Names and Codes (LOINC®) version 2.72The Unified Code of Units for Measure, Revision 2.1",,,
"USCDI V3.1","Vital Signs","Physiologic measurements of a patient that indicate the status of the body’s life sustaining functions.","Respiratory Rate",,"Both standards are requiredLogical Observation Identifiers Names and Codes (LOINC®) version 2.72The Unified Code of Units for Measure, Revision 2.1",,,
"USCDI V3.1","Vital Signs","Physiologic measurements of a patient that indicate the status of the body’s life sustaining functions.","Body Temperature",,"Both standards are requiredLogical Observation Identifiers Names and Codes (LOINC®) version 2.72The Unified Code of Units for Measure, Revision 2.1",,,
"USCDI V3.1","Vital Signs","Physiologic measurements of a patient that indicate the status of the body’s life sustaining functions.","Body Height",,"Both standards are requiredLogical Observation Identifiers Names and Codes (LOINC®) version 2.72The Unified Code of Units for Measure, Revision 2.1",,,
"USCDI V3.1","Vital Signs","Physiologic measurements of a patient that indicate the status of the body’s life sustaining functions.","Body Weight",,"Both standards are requiredLogical Observation Identifiers Names and Codes (LOINC®) version 2.72The Unified Code of Units for Measure, Revision 2.1",,,
"USCDI V3.1","Vital Signs","Physiologic measurements of a patient that indicate the status of the body’s life sustaining functions.","Pulse Oximetry",,"Both standards are requiredLogical Observation Identifiers Names and Codes (LOINC®) version 2.72The Unified Code of Units for Measure, Revision 2.1",,,
"USCDI V3.1","Vital Signs","Physiologic measurements of a patient that indicate the status of the body’s life sustaining functions.","Inhaled Oxygen Concentration",,"Both standards are requiredLogical Observation Identifiers Names and Codes (LOINC®) version 2.72The Unified Code of Units for Measure, Revision 2.1",,,
"USCDI V3.1","Vital Signs","Physiologic measurements of a patient that indicate the status of the body’s life sustaining functions.","BMI Percentile (2 - 20 years)",,"Both standards are requiredLogical Observation Identifiers Names and Codes (LOINC®) version 2.72The Unified Code of Units for Measure, Revision 2.1",,,
"USCDI V3.1","Vital Signs","Physiologic measurements of a patient that indicate the status of the body’s life sustaining functions.","Weight-for-length Percentile (Birth - 24 Months)",,"Both standards are requiredLogical Observation Identifiers Names and Codes (LOINC®) version 2.72The Unified Code of Units for Measure, Revision 2.1",,,
"USCDI V3.1","Vital Signs","Physiologic measurements of a patient that indicate the status of the body’s life sustaining functions.","Head Occipital-frontal Circumference Percentile (Birth - 36 Months)",,"Both standards are requiredLogical Observation Identifiers Names and Codes (LOINC®) version 2.72The Unified Code of Units for Measure, Revision 2.1",,,
"USCDI V3.1","Clinical Tests","Non-imaging and non-laboratory tests performed that result in structured or unstructured findings specific to the patient to facilitate the diagnosis and management of conditions.","Clinical Test","Non-imaging or non-laboratory test.","Logical Observation Identifiers Names and Codes (LOINC®) version 2.72","Joel Andress","Centers for Medicare and Medicaid Services (CMS) Center for Clinical Standards and Quality (CCSQ)","10/06/2020 - 10:58"
"USCDI V3.1","Assessment and Plan of Treatment","Health professional’s conclusions and working assumptions that will guide treatment of the patient.","Assessment and Plan of Treatment","Health professional’s conclusions and working assumptions that will guide treatment of the patient.",,,,
"USCDI V3.1","Patient Demographics/Information","Data used to categorize individuals for identification, records matching, and other purposes.","Current Address","Place where a person is located or may be contacted","Project US@ Technical Specification for Patient Addresses, Final Version 1.0",,,
"USCDI V3.1","Care Team Members","Information about a person who participates or is expected to participate in the care of a patient.","Care Team Member Name",,,"Al Taylor",ONC,"10/10/2020 - 02:26"
"USCDI V3.1",Problems,"Condition, diagnosis, or reason for seeking medical attention.","SDOH Problems/Health Concerns","Social Determinants of Health-related health concerns, conditions, or diagnoses. (e.g., homelessness, food insecurity)","SNOMED International, Systematized Nomenclature of Medicine Clinical Terms (SNOMED CT®) U.S. Edition, March 2022 ReleaseInternational Classification of Diseases ICD-10-CM 2022","Mark Savage for Gravity Project","Gravity Project","11/04/2020 - 17:30"
"USCDI V3.1",Medications,"Pharmacologic agents used in the diagnosis, cure, mitigation, treatment, or prevention of disease.","Dose Units of Measure","Units of measure of a medication. (e.g., milligrams, milliliters)","The Unified Code for Units of Measure, Revision 2.1","Maria Michaels",CDC,"10/20/2020 - 21:31"